﻿<?xml version="1.0" encoding="utf-8"?>
<Root>
  <key>453</key>
  <COM>6</COM>
  <bd>9600</bd>
  <parity>None</parity>
  <bit>8</bit>
  <stopbit>one</stopbit>
  <key125>W113826YHGFRTGH</key125>
  <key126>W113826eMNBVpIU</key126>
  <key127>W113826XCVBNKIU</key127>
  <key128>W113826ZXCVBNMe</key128>
  <key129>W113826GHJNKJHU</key129>
  <key130>W113826eW113826</key130>
  <key131>W113826XCVBNMKI</key131>
  <key132>W113826BHJUIKJH</key132>
  <key203>AAA</key203>
  <key223>AA1</key223>
  <key224>AA2</key224>
  <key225>AA6</key225>
  <key226>AA9</key226>
  <key227>CapitalCapitalLShiftKeyCapitalCapitalRShiftKeyCapitalRShiftKeyCapitalZXC</key227>
  <key228>NumPad4Oem5NumPad9Oem5RShiftKeyRShiftKeyAddEndRShiftKeyRShiftKeyPageUpRShiftKey</key228>
  <key229>LWinLWinLWinLWinLWinLWinLWinLWinLWinLWinLWinLWin</key229>
  <key230>016N243QWERT</key230>
  <key231>016N2435RYFT</key231>
  <key232>016N243BNHGF</key232>
  <key233>016N243ZMNXB</key233>
  <key234>AAA</key234>
  <key235>AAA</key235>
  <key236>AAA</key236>
  <key237>AAE</key237>
  <key238>AAT</key238>
  <key239>AAV</key239>
  <key240>AA1</key240>
  <key241>AAD</key241>
  <key242>AAS</key242>
  <key243>AAQ</key243>
  <key244>AA4</key244>
  <key245>AAW</key245>
  <key246>AAP</key246>
  <key247>AA8</key247>
  <key248>AA0</key248>
  <key249>AAL</key249>
  <key250>AAN</key250>
  <key251>AAX</key251>
  <key252>AAA</key252>
  <key253>AAP</key253>
  <key254>AA1</key254>
  <key255>AAP</key255>
  <key256>AAI</key256>
  <key257>AA1</key257>
  <key258>AAC</key258>
  <key259>AAT</key259>
  <key260>AA1</key260>
  <key261>AAP</key261>
  <key262>AA1</key262>
  <key263>AAD</key263>
  <key264>AAS</key264>
  <key265>AA2</key265>
  <key266>AA1</key266>
  <key267>AA1</key267>
  <key268>AAW</key268>
  <key269>AAF</key269>
  <key270>AAE</key270>
  <key271>AAA</key271>
  <key272>AAE</key272>
  <key273>AAW</key273>
  <key274>AAL</key274>
  <key275>AAL</key275>
  <key276>AAA</key276>
  <key277>AAT</key277>
  <key278>AAL</key278>
  <key279>AAP</key279>
  <key280>AA2</key280>
  <key281>AA4</key281>
  <key282>AA6</key282>
  <key283>AA3</key283>
  <key284>AA2</key284>
  <key285>AAS</key285>
  <key286>AAA</key286>
  <key287>AAE</key287>
  <key288>AAA</key288>
  <key289>AAW</key289>
  <key290>AAS</key290>
  <key291>AA3</key291>
  <key292>AA2</key292>
  <key293>AAX</key293>
  <key294>AA2</key294>
  <key295>AAF</key295>
  <key296>AA2</key296>
  <key297>AAX</key297>
  <key298>AAS</key298>
  <key299>AAA</key299>
  <key300>AAW</key300>
  <key301>AAA</key301>
  <key302>AAD</key302>
  <key303>AAS</key303>
  <key304>AAW</key304>
  <key305>AAQ</key305>
  <key306>AAS</key306>
  <key307>AAS</key307>
  <key308>AAA</key308>
  <key309>AAS</key309>
  <key310>AAS</key310>
  <key311>AAS</key311>
  <key312>AAW</key312>
  <key313>AAQ</key313>
  <key314>AAZ</key314>
  <key315>AAS</key315>
  <key316>AAS</key316>
  <key317>AAS</key317>
  <key318>AAS</key318>
  <key319>AAW</key319>
  <key320>AAS</key320>
  <key321>AAS</key321>
  <key322>AAW</key322>
  <key323>AAS</key323>
  <key324>AAX</key324>
  <key325>AAE</key325>
  <key326>AAQ</key326>
  <key327>AAS</key327>
  <key328>AAW</key328>
  <key329>AAS</key329>
  <key330>AAL</key330>
  <key331>AAP</key331>
  <key332>AAW</key332>
  <key333>AAS</key333>
  <key334>AAW</key334>
  <key335>AAX</key335>
  <key336>AAW</key336>
  <key337>AAD</key337>
  <key338>AAE</key338>
  <key339>AAP</key339>
  <key340>AAW</key340>
  <key341>AAE</key341>
  <key342>AAS</key342>
  <key343>AAE</key343>
  <key344>AAS</key344>
  <key345>AAW</key345>
  <key346>AAS</key346>
  <key347>AAW</key347>
  <key348>AAP</key348>
  <key349>AAS</key349>
  <key350>AAS</key350>
  <key351>AAS</key351>
  <key352>AAS</key352>
  <key353>AAQ</key353>
  <key354>AAS</key354>
  <key355>AAS</key355>
  <key356>AAW</key356>
  <key357>AAS</key357>
  <key358>AAA</key358>
  <key359>AAS</key359>
  <key360>AAW</key360>
  <key361>AAW</key361>
  <key362>AAS</key362>
  <key363>AAQ</key363>
  <key364>AAS</key364>
  <key365>AAW</key365>
  <key366>AAQ</key366>
  <key367>AAS</key367>
  <key368>AAX</key368>
  <key369>AAW</key369>
  <key370>AAW</key370>
  <key371>AAS</key371>
  <key372>AAO</key372>
  <key373>AAS</key373>
  <key374>AAS</key374>
  <key375>AAX</key375>
  <key376>AAZ</key376>
  <key377>AAS</key377>
  <key378>AAA</key378>
  <key379>AAQ</key379>
  <key380>AAQ</key380>
  <key381>AAS</key381>
  <key382>AAS</key382>
  <key383>AAW</key383>
  <key384>AAA</key384>
  <key385>AAW</key385>
  <key386>AAS</key386>
  <key387>AAX</key387>
  <key388>AAS</key388>
  <key389>AAW</key389>
  <key390>AAS</key390>
  <key391>AAX</key391>
  <key392>AAW</key392>
  <key393>AAS</key393>
  <key394>AA1</key394>
  <key395>AA2</key395>
  <key396>AAS</key396>
  <key397>AAS</key397>
  <key398>AAS</key398>
  <key399>AAE</key399>
  <key400>AA1</key400>
  <key401>AAS</key401>
  <key402>AAE</key402>
  <key403>AA2</key403>
  <key404>AAS</key404>
  <key405>AAX</key405>
  <key406>AAD</key406>
  <key407>AAQ</key407>
  <key408>AA3</key408>
  <key409>AA4</key409>
  <key410>AA3</key410>
  <key411>AAE</key411>
  <key412>AAQ</key412>
  <key413>AAS</key413>
  <key414>AAW</key414>
  <key415>AAD</key415>
  <key416>AAE</key416>
  <key417>AAA</key417>
  <key418>AAS</key418>
  <key419>AAW</key419>
  <key420>AAD</key420>
  <key421>AAE</key421>
  <key422>AA1</key422>
  <key423>AAS</key423>
  <key424>AAD</key424>
  <key425>AAS</key425>
  <key426>AAE</key426>
  <key427>AAD</key427>
  <key428>AAS</key428>
  <key429>AAS</key429>
  <key430>AAS</key430>
  <key431>AAW</key431>
  <key432>AAD</key432>
  <key433>AAE</key433>
  <key434>AAW</key434>
  <key435>AAS</key435>
  <key436>AAS</key436>
  <key437>AAD</key437>
  <key438>AAE</key438>
  <key439>AAE</key439>
  <key440>AAE</key440>
  <key441>AAF</key441>
  <key442>AAS</key442>
  <key443>AAC</key443>
  <key444>AAR</key444>
  <key445>AAE</key445>
  <key446>AAE</key446>
  <key447>AAE</key447>
  <key448>AAF</key448>
  <key449>AAW</key449>
  <key450>AAQ</key450>
  <key451>AAD</key451>
  <key452>AAE</key452>
  <key453>AAW</key453>
</Root>